{
    "version": "1.0.0",
    "language": "en",
    "auth": {
        "issuer": "http://10.0.50.116:8080",
        "redirectUri": "http://localhost:4200",
        "silentRefreshRedirectUri": "http://localhost:4200/silent-refresh.html",
        "clientId": "jsfossil",
        "logoutUrl": "http://localhost:4200/logged-out",
        
        "scope": "openid profile email fossil",
        "requireHttps": false,
        "requestAccessToken": true,
        "showDebugInformation": true,
        "oidc" : true
    },
    "logging": {
        "levelMin": "Error",
        "levelMax": "Fatal"
    },
    "userIdle": {
        "enabled": true,
        "idle": 600,
        "timeout": 30,
        "warningInterval": 30
    },
    "serviceUrl": "http://localhost:8699",
    "customScrollbar": true
}