{
  "version": "#{Version}",
  "language": "#{Language}",
  "auth": {
    "issuer": "#{Auth.Issuer}",
    "redirectUri": "#{Auth.RedirectUri}",
    "clientId": "#{Auth.ClientId}",
    "logoutUrl": "#{Auth.LogoutUrl}",
    "scope": "#{Auth.Scope}",
    "requireHttps": "#{Auth.RequireHttps}",
    "requestAccessToken": "#{Auth.RequestAccessToken}",
    "showDebugInformation": "#{Auth.ShowDebugInformation}",
    "oidc": "#{Auth.Oidc}"
  },
  "logging": {
    "levelMin": "#{Logging.LevelMin}",
    "levelMax": "#{Logging.LevelMax}"
  },
  "userIdle": {
    "enabled": "#{UserIdle.Enabled}",
    "idle": "#{UserIdle.Idle}",
    "timeout": "#{UserIdle.Timeout}",
    "warningInterval": "#{UserIdle.WarningInterval}"
  },
  "serviceUrl": "#{ServiceUrl}",
  "customScrollbar": "#{CustomScrollbar}"
}